tourney_year_id,Classification
1877-540,Grand Slam
1878-540,Grand Slam
1879-540,Grand Slam
1880-540,Grand Slam
1881-540,Grand Slam
1881-560,Grand Slam
1882-540,Grand Slam
1882-560,Grand Slam
1883-540,Grand Slam
1883-560,Grand Slam
1884-540,Grand Slam
1884-560,Grand Slam
1885-540,Grand Slam
1885-560,Grand Slam
1886-540,Grand Slam
1886-560,Grand Slam
1887-540,Grand Slam
1887-560,Grand Slam
1888-540,Grand Slam
1888-560,Grand Slam
1889-540,Grand Slam
1889-560,Grand Slam
1890-540,Grand Slam
1890-560,Grand Slam
1891-540,Grand Slam
1891-560,Grand Slam
1892-540,Grand Slam
1892-560,Grand Slam
1893-540,Grand Slam
1893-560,Grand Slam
1894-540,Grand Slam
1894-560,Grand Slam
1895-540,Grand Slam
1895-560,Grand Slam
1896-540,Grand Slam
1896-560,Grand Slam
1897-540,Grand Slam
1897-560,Grand Slam
1898-540,Grand Slam
1898-560,Grand Slam
1899-540,Grand Slam
1899-560,Grand Slam
1900-540,Grand Slam
1900-560,Grand Slam
1901-540,Grand Slam
1901-560,Grand Slam
1902-540,Grand Slam
1902-560,Grand Slam
1903-540,Grand Slam
1903-560,Grand Slam
1904-540,Grand Slam
1904-560,Grand Slam
1905-540,Grand Slam
1905-560,Grand Slam
1905-580,Grand Slam
1906-540,Grand Slam
1906-560,Grand Slam
1906-580,Grand Slam
1907-540,Grand Slam
1907-580,Grand Slam
1907-560,Grand Slam
1908-540,Grand Slam
1908-560,Grand Slam
1908-580,Grand Slam
1909-540,Grand Slam
1909-560,Grand Slam
1909-580,Grand Slam
1910-580,Grand Slam
1910-540,Grand Slam
1910-560,Grand Slam
1911-540,Grand Slam
1911-560,Grand Slam
1911-580,Grand Slam
1912-540,Grand Slam
1912-560,Grand Slam
1912-580,Grand Slam
1913-540,Grand Slam
1913-560,Grand Slam
1913-580,Grand Slam
1914-540,Grand Slam
1914-560,Grand Slam
1914-580,Grand Slam
1915-580,Grand Slam
1915-560,Grand Slam
1916-560,Grand Slam
1917-560,Grand Slam
1918-560,Grand Slam
1919-540,Grand Slam
1919-560,Grand Slam
1919-580,Grand Slam
1920-580,Grand Slam
1920-540,Grand Slam
1920-560,Grand Slam
1921-540,Grand Slam
1921-560,Grand Slam
1921-580,Grand Slam
1922-540,Grand Slam
1922-560,Grand Slam
1922-580,Grand Slam
1923-540,Grand Slam
1923-580,Grand Slam
1923-560,Grand Slam
1924-580,Grand Slam
1924-540,Grand Slam
1924-560,Grand Slam
1925-580,Grand Slam
1925-520,Grand Slam
1925-540,Grand Slam
1925-560,Grand Slam
1926-580,Grand Slam
1926-520,Grand Slam
1926-540,Grand Slam
1926-560,Grand Slam
1927-580,Grand Slam
1927-520,Grand Slam
1927-540,Grand Slam
1927-560,Grand Slam
1928-580,Grand Slam
1928-520,Grand Slam
1928-540,Grand Slam
1928-560,Grand Slam
1929-580,Grand Slam
1929-520,Grand Slam
1929-540,Grand Slam
1929-560,Grand Slam
1930-580,Grand Slam
1930-520,Grand Slam
1930-540,Grand Slam
1930-560,Grand Slam
1931-580,Grand Slam
1931-520,Grand Slam
1931-540,Grand Slam
1931-560,Grand Slam
1932-580,Grand Slam
1932-520,Grand Slam
1932-540,Grand Slam
1932-560,Grand Slam
1933-580,Grand Slam
1933-520,Grand Slam
1933-540,Grand Slam
1933-560,Grand Slam
1934-580,Grand Slam
1934-520,Grand Slam
1934-540,Grand Slam
1934-560,Grand Slam
1935-580,Grand Slam
1935-520,Grand Slam
1935-540,Grand Slam
1935-560,Grand Slam
1936-580,Grand Slam
1936-520,Grand Slam
1936-540,Grand Slam
1936-560,Grand Slam
1937-580,Grand Slam
1937-520,Grand Slam
1937-540,Grand Slam
1937-560,Grand Slam
1938-580,Grand Slam
1938-520,Grand Slam
1938-540,Grand Slam
1938-560,Grand Slam
1939-580,Grand Slam
1939-520,Grand Slam
1939-540,Grand Slam
1939-560,Grand Slam
1940-580,Grand Slam
1940-560,Grand Slam
1941-560,Grand Slam
1942-560,Grand Slam
1943-560,Grand Slam
1944-560,Grand Slam
1945-560,Grand Slam
1946-580,Grand Slam
1946-540,Grand Slam
1946-520,Grand Slam
1946-560,Grand Slam
1947-580,Grand Slam
1947-540,Grand Slam
1947-520,Grand Slam
1947-560,Grand Slam
1948-580,Grand Slam
1948-520,Grand Slam
1948-540,Grand Slam
1948-560,Grand Slam
1949-580,Grand Slam
1949-520,Grand Slam
1949-540,Grand Slam
1949-560,Grand Slam
1950-580,Grand Slam
1950-520,Grand Slam
1950-540,Grand Slam
1950-560,Grand Slam
1951-580,Grand Slam
1951-520,Grand Slam
1951-540,Grand Slam
1951-560,Grand Slam
1952-580,Grand Slam
1952-520,Grand Slam
1952-540,Grand Slam
1952-560,Grand Slam
1953-580,Grand Slam
1953-520,Grand Slam
1953-540,Grand Slam
1953-560,Grand Slam
1954-580,Grand Slam
1954-520,Grand Slam
1954-540,Grand Slam
1954-560,Grand Slam
1955-580,Grand Slam
1955-520,Grand Slam
1955-540,Grand Slam
1955-560,Grand Slam
1956-580,Grand Slam
1956-520,Grand Slam
1956-540,Grand Slam
1956-560,Grand Slam
1957-580,Grand Slam
1957-520,Grand Slam
1957-540,Grand Slam
1957-560,Grand Slam
1958-580,Grand Slam
1958-520,Grand Slam
1958-540,Grand Slam
1958-560,Grand Slam
1959-580,Grand Slam
1959-520,Grand Slam
1959-540,Grand Slam
1959-560,Grand Slam
1960-580,Grand Slam
1960-520,Grand Slam
1960-540,Grand Slam
1960-560,Grand Slam
1961-580,Grand Slam
1961-520,Grand Slam
1961-540,Grand Slam
1961-560,Grand Slam
1962-580,Grand Slam
1962-520,Grand Slam
1962-540,Grand Slam
1962-560,Grand Slam
1963-580,Grand Slam
1963-520,Grand Slam
1963-540,Grand Slam
1963-560,Grand Slam
1964-580,Grand Slam
1964-520,Grand Slam
1964-540,Grand Slam
1964-560,Grand Slam
1965-580,Grand Slam
1965-520,Grand Slam
1965-540,Grand Slam
1965-560,Grand Slam
1966-580,Grand Slam
1966-520,Grand Slam
1966-540,Grand Slam
1966-560,Grand Slam
1967-580,Grand Slam
1967-520,Grand Slam
1967-540,Grand Slam
1967-560,Grand Slam
1968-580,Grand Slam
1968-347,
1968-520,Grand Slam
1968-7310,
1968-311,
1968-540,Grand Slam
1968-2029,
1968-314,
1968-421,
1968-414,
1968-560,Grand Slam
1968-423,
1968-303,
1969-243,
1969-713,
1969-3936,
1969-3941,
1969-580,Grand Slam
1969-3937,
1969-401,
1969-2058,
1969-6815,
1969-260,
1969-410,
1969-3938,
1969-406,
1969-416,
1969-520,Grand Slam
1969-3942,
1969-311,
1969-540,Grand Slam
1969-2029,
1969-661,
1969-314,
1969-317,
1969-421,
1969-414,
1969-319,
1969-560,Grand Slam
1969-423,
1969-413,
1969-429,
1969-7302,
1969-303,
1969-430,
1970-580,Grand Slam
1970-401,
1970-681,
1970-802,
1970-355,
1970-6816,
1970-6811,
1970-2066,
1970-657,
1970-6812,
1970-3941,
1970-462,
1970-6817,
1970-260,
1970-6818,
1970-410,
1970-436,
1970-388,
1970-405,
1970-347,
1970-520,Grand Slam
1970-412,
1970-413,
1970-406,
1970-416,
1970-652,
1970-2063,
1970-7310,
1970-313,
1970-6829,
1970-2049,
1970-311,
1970-540,Grand Slam
1970-2050,
1970-2029,
1970-661,
1970-316,
1970-6830,
1970-314,
1970-418,
1970-6831,
1970-422,
1970-717,
1970-317,
1970-663,
1970-804,
1970-417,
1970-319,
1970-421,
1970-414,
1970-653,
1970-2030,
1970-707,
1970-560,Grand Slam
1970-423,
1970-424,
1970-2048,
1970-425,
1970-6832,
1970-6833,
1970-2067,
1970-429,
1970-303,
1970-7302,
1970-430,
1970-605,Finals
1971-7584,
1971-713,
1971-338,
1971-802,
1971-401,
1971-2058,
1971-355,
1971-2066,
1971-301,
1971-657,
1971-580,Grand Slam
1971-344,
1971-262,
1971-,
1971-681,
1971-410,
1971-436,
1971-325,
1971-2065,
1971-820,
1971-818,
1971-388,
1971-2010,
1971-416,
1971-2011,
1971-414,
1971-520,Grand Slam
1971-347,
1971-406,
1971-313,
1971-2049,
1971-311,
1971-540,Grand Slam
1971-316,
1971-314,
1971-2050,
1971-418,
1971-2051,
1971-663,
1971-343,
1971-2044,
1971-422,
1971-6834,
1971-661,
1971-317,
1971-417,
1971-717,
1971-421,
1971-653,
1971-2030,
1971-560,Grand Slam
1971-707,
1971-423,
1971-654,
1971-424,
1971-2048,
1971-332,
1971-425,
1971-429,
1971-430,
1971-312,
1971-610,
1971-303,
1971-605,Finals
1972-580,Grand Slam
1972-816,
1972-2060,
1972-713,
1972-2022,
1972-2064,
1972-7308,
1972-2036,
1972-2061,
1972-2062,
1972-802,
1972-401,
1972-2057,
1972-355,
1972-302,
1972-2058,
1972-657,
1972-681,
1972-710,
1972-818,
1972-344,
1972-410,
1972-2066,
1972-426,
1972-405,
1972-2026,
1972-2044,
1972-436,
1972-,
1972-416,
1972-389,
1972-413,
1972-347,
1972-406,
1972-610,
1972-520,Grand Slam
1972-414,
1972-313,
1972-2049,
1972-311,
1972-540,Grand Slam
1972-652,
1972-706,
1972-316,
1972-314,
1972-319,
1972-343,
1972-418,
1972-661,
1972-663,
1972-2051,
1972-422,
1972-317,
1972-417,
1972-717,
1972-320,
1972-421,
1972-653,
1972-2030,
1972-707,
1972-560,Grand Slam
1972-2052,
1972-654,
1972-2043,
1972-424,
1972-423,
1972-2053,
1972-329,
1972-2048,
1972-425,
1972-2054,
1972-7302,
1972-508,
1972-429,
1972-2016,
1972-9036,
1972-2056,
1972-605,Finals
1972-303,
1972-254,
1972-326,
1972-2047,
1973-580,Grand Slam
1973-816,
1973-681,
1973-650,
1973-262,
1973-430,
1973-2022,
1973-813,
1973-2036,
1973-2061,
1973-408,
1973-802,
1973-401,
1973-2039,
1973-302,
1973-2038,
1973-481,
1973-355,
1973-332,
1973-818,
1973-657,
1973-2037,
1973-6945,
1973-412,
1973-710,
1973-6835,
1973-656,
1973-652,
1973-659,
1973-2048,
1973-278,
1973-405,
1973-804,
1973-406,
1973-320,
1973-410,
1973-,
1973-436,
1973-254,
1973-389,
1973-508,
1973-2026,
1973-310,
1973-601,
1973-347,
1973-610,
1973-413,
1973-520,Grand Slam
1973-416,
1973-277,
1973-414,
1973-350,
1973-311,
1973-2049,
1973-540,Grand Slam
1973-316,
1973-661,
1973-2050,
1973-314,
1973-417,
1973-706,
1973-317,
1973-319,
1973-418,
1973-343,
1973-663,
1973-422,
1973-2051,
1973-717,
1973-2030,
1973-421,
1973-707,
1973-560,Grand Slam
1973-2042,
1973-2043,
1973-423,
1973-424,
1973-411,
1973-2044,
1973-653,
1973-498,
1973-425,
1973-329,
1973-309,
1973-362,
1973-2045,
1973-2011,
1973-379,
1973-336,
1973-7302,
1973-2046,
1973-429,
1973-427,
1973-2016,
1973-2032,
1973-303,
1973-426,
1973-605,Finals
1974-580,Grand Slam
1974-301,
1974-6836,
1974-2022,
1974-401,
1974-2036,
1974-802,
1974-816,
1974-1603,
1974-660,
1974-312,
1974-650,
1974-302,
1974-2018,
1974-262,
1974-355,
1974-267,
1974-813,
1974-681,
1974-2037,
1974-657,
1974-2038,
1974-237,
1974-710,
1974-2039,
1974-656,
1974-407,
1974-1537,
1974-729,
1974-412,
1974-2034,
1974-804,
1974-2035,
1974-2040,
1974-410,
1974-409,
1974-,
1974-436,
1974-820,
1974-426,
1974-389,
1974-652,
1974-601,
1974-610,
1974-310,
1974-413,
1974-308,
1974-414,
1974-347,
1974-416,
1974-720,
1974-583,
1974-520,Grand Slam
1974-7310,
1974-350,
1974-540,Grand Slam
1974-316,
1974-661,
1974-2029,
1974-314,
1974-317,
1974-319,
1974-411,
1974-418,
1974-422,
1974-706,
1974-717,
1974-663,
1974-421,
1974-417,
1974-343,
1974-707,
1974-2030,
1974-560,Grand Slam
1974-2031,
1974-423,
1974-424,
1974-324,
1974-309,
1974-329,
1974-425,
1974-427,
1974-7308,
1974-2032,
1974-2011,
1974-7302,
1974-337,
1974-494,
1974-336,
1974-429,
1974-1729,
1974-2016,
1974-362,
1974-2033,
1974-303,
1974-254,
1974-2041,
1974-605,Finals
1975-580,Grand Slam
1975-615,
1975-301,
1975-816,
1975-2021,
1975-650,
1975-401,
1975-802,
1975-716,
1975-2022,
1975-660,
1975-1603,
1975-312,
1975-328,
1975-355,
1975-302,
1975-267,
1975-718,
1975-653,
1975-813,
1975-1602,
1975-2023,
1975-407,
1975-206,
1975-262,
1975-2024,
1975-804,
1975-237,
1975-710,
1975-657,
1975-344,
1975-7299,
1975-2025,
1975-410,
1975-412,
1975-409,
1975-656,
1975-729,
1975-278,
1975-652,
1975-426,
1975-389,
1975-,
1975-659,
1975-436,
1975-820,
1975-666,
1975-2026,
1975-,
1975-601,
1975-610,
1975-308,
1975-310,
1975-347,
1975-413,
1975-414,
1975-661,
1975-416,
1975-520,Grand Slam
1975-350,
1975-540,Grand Slam
1975-316,
1975-314,
1975-319,
1975-411,
1975-317,
1975-2027,
1975-418,
1975-422,
1975-717,
1975-705,
1975-663,
1975-421,
1975-343,
1975-417,
1975-707,
1975-560,Grand Slam
1975-423,
1975-2014,
1975-424,
1975-2028,
1975-324,
1975-331,
1975-309,
1975-425,
1975-427,
1975-243,
1975-2011,
1975-362,
1975-7302,
1975-329,
1975-429,
1975-303,
1975-336,
1975-2016,
1975-680,
1975-254,
1975-605,Finals
1975-338,
1976-580,Grand Slam
1976-301,
1976-345,
1976-662,
1976-664,
1976-412,
1976-481,
1976-650,
1976-816,
1976-401,
1976-320,
1976-267,
1976-718,
1976-802,
1976-716,
1976-205,
1976-302,
1976-355,
1976-3935,
1976-665,
1976-652,
1976-407,
1976-653,
1976-651,
1976-328,
1976-660,
1976-658,
1976-402,
1976-295,
1976-657,
1976-710,
1976-813,
1976-656,
1976-404,
1976-659,
1976-344,
1976-237,
1976-278,
1976-,
1976-820,
1976-254,
1976-410,
1976-436,
1976-655,
1976-389,
1976-666,
1976-654,
1976-309,
1976-601,
1976-310,
1976-610,
1976-308,
1976-347,
1976-413,
1976-414,
1976-661,
1976-416,
1976-520,Grand Slam
1976-350,
1976-277,
1976-540,Grand Slam
1976-316,
1976-314,
1976-1725,
1976-422,
1976-317,
1976-319,
1976-418,
1976-663,
1976-705,
1976-343,
1976-717,
1976-421,
1976-417,
1976-707,
1976-560,Grand Slam
1976-2014,
1976-801,
1976-315,
1976-423,
1976-424,
1976-324,
1976-2011,
1976-326,
1976-2015,
1976-425,
1976-427,
1976-7302,
1976-243,
1976-337,
1976-332,
1976-2016,
1976-329,
1976-336,
1976-429,
1976-362,
1976-240,
1976-430,
1976-2017,
1976-303,
1976-426,
1976-361,
1976-605,Finals
1976-338,
1977-580,Grand Slam
1977-7308,
1977-301,
1977-1506,
1977-816,
1977-1725,
1977-401,
1977-660,
1977-802,
1977-716,
1977-7303,
1977-681,
1977-682,
1977-356,
1977-2019,
1977-302,
1977-404,
1977-402,
1977-345,
1977-657,
1977-254,
1977-2008,
1977-652,
1977-710,
1977-206,
1977-813,
1977-407,
1977-262,
1977-423,
1977-,
1977-656,
1977-410,
1977-405,
1977-3933,
1977-2009,
1977-722,
1977-389,
1977-310,
1977-436,
1977-674,
1977-413,
1977-308,
1977-601,
1977-414,
1977-610,
1977-661,
1977-416,
1977-520,Grand Slam
1977-406,
1977-350,
1977-277,
1977-311,
1977-540,Grand Slam
1977-316,
1977-314,
1977-315,
1977-422,
1977-319,
1977-317,
1977-418,
1977-663,
1977-705,
1977-707,
1977-343,
1977-717,
1977-421,
1977-417,
1977-560,Grand Slam
1977-801,
1977-2020,
1977-2059,
1977-2006,
1977-2010,
1977-342,
1977-424,
1977-324,
1977-2011,
1977-326,
1977-309,
1977-425,
1977-427,
1977-243,
1977-337,
1977-328,
1977-332,
1977-7302,
1977-329,
1977-429,
1977-359,
1977-336,
1977-3934,
1977-362,
1977-361,
1977-430,
1977-303,
1977-2012,
1977-333,
1977-1729,
1977-426,
1977-2013,
1977-338,
1977-581,Grand Slam
1977-810,
1977-605,Finals
1978-1506,
1978-1725,
1978-816,
1978-401,
1978-709,
1978-7303,
1978-802,
1978-660,
1978-682,
1978-652,
1978-404,
1978-389,
1978-402,
1978-681,
1978-205,
1978-206,
1978-710,
1978-683,
1978-408,
1978-716,
1978-254,
1978-407,
1978-410,
1978-280,
1978-405,
1978-,
1978-356,
1978-413,
1978-711,
1978-601,
1978-615,
1978-610,
1978-414,
1978-310,
1978-416,
1978-308,
1978-520,Grand Slam
1978-406,
1978-725,
1978-311,
1978-277,
1978-540,Grand Slam
1978-422,
1978-415,
1978-314,
1978-315,
1978-316,
1978-321,
1978-418,
1978-317,
1978-319,
1978-663,
1978-707,
1978-705,
1978-715,
1978-343,
1978-717,
1978-349,
1978-421,
1978-320,
1978-302,
1978-412,
1978-417,
1978-560,Grand Slam
1978-801,
1978-819,
1978-423,
1978-347,
1978-342,
1978-295,
1978-424,
1978-324,
1978-309,
1978-425,
1978-326,
1978-427,
1978-328,
1978-264,
1978-337,
1978-332,
1978-428,
1978-7302,
1978-429,
1978-336,
1978-333,
1978-430,
1978-359,
1978-362,
1978-303,
1978-312,
1978-680,
1978-426,
1978-361,
1978-3934,
1978-338,
1978-580,Grand Slam
1978-605,Finals
1979-713,
1979-301,
1979-601,
1979-816,
1979-712,
1979-401,
1979-660,
1979-802,
1979-1725,
1979-404,
1979-709,
1979-389,
1979-6880,
1979-205,
1979-402,
1979-710,
1979-304,
1979-715,
1979-714,
1979-716,
1979-408,
1979-357,
1979-,
1979-407,
1979-206,
1979-410,
1979-711,
1979-405,
1979-254,
1979-356,
1979-413,
1979-610,
1979-615,
1979-310,
1979-414,
1979-416,
1979-308,
1979-520,Grand Slam
1979-406,
1979-311,
1979-277,
1979-720,
1979-540,Grand Slam
1979-415,
1979-314,
1979-315,
1979-418,
1979-316,
1979-321,
1979-317,
1979-319,
1979-1727,
1979-705,
1979-1728,
1979-707,
1979-343,
1979-717,
1979-320,
1979-349,
1979-421,
1979-417,
1979-422,
1979-560,Grand Slam
1979-412,
1979-801,
1979-423,
1979-325,
1979-309,
1979-424,
1979-323,
1979-324,
1979-425,
1979-330,
1979-326,
1979-328,
1979-427,
1979-329,
1979-337,
1979-332,
1979-7302,
1979-428,
1979-336,
1979-353,
1979-429,
1979-359,
1979-333,
1979-430,
1979-312,
1979-1729,
1979-303,
1979-361,
1979-426,
1979-3934,
1979-7308,
1979-338,
1979-580,Grand Slam
1979-605,Finals
1980-713,
1980-301,
1980-601,
1980-243,
1980-816,
1980-712,
1980-401,
1980-802,
1980-358,
1980-1725,
1980-404,
1980-709,
1980-389,
1980-355,
1980-205,
1980-402,
1980-206,
1980-710,
1980-407,
1980-714,
1980-357,
1980-348,
1980-7305,
1980-716,
1980-408,
1980-,
1980-410,
1980-715,
1980-346,
1980-405,
1980-711,
1980-254,
1980-423,
1980-413,
1980-610,
1980-275,
1980-615,
1980-415,
1980-310,
1980-414,
1980-416,
1980-308,
1980-520,Grand Slam
1980-583,
1980-406,
1980-311,
1980-720,
1980-208,
1980-540,Grand Slam
1980-314,
1980-315,
1980-316,
1980-417,
1980-321,
1980-317,
1980-319,
1980-418,
1980-705,
1980-707,
1980-343,
1980-717,
1980-320,
1980-349,
1980-421,
1980-412,
1980-422,
1980-560,Grand Slam
1980-347,
1980-325,
1980-801,
1980-323,
1980-322,
1980-424,
1980-309,
1980-324,
1980-425,
1980-326,
1980-330,
1980-328,
1980-376,
1980-427,
1980-331,
1980-329,
1980-337,
1980-332,
1980-7302,
1980-428,
1980-336,
1980-353,
1980-429,
1980-359,
1980-333,
1980-430,
1980-334,
1980-312,
1980-303,
1980-361,
1980-426,
1980-3934,
1980-364,
1980-338,
1980-580,Grand Slam
1980-605,Finals
1981-7308,
1981-301,
1981-601,
1981-345,
1981-358,
1981-401,
1981-204,
1981-392,
1981-802,
1981-1725,
1981-404,
1981-402,
1981-294,
1981-389,
1981-355,
1981-406,
1981-206,
1981-346,
1981-304,
1981-407,
1981-408,
1981-356,
1981-357,
1981-348,
1981-351,
1981-405,
1981-254,
1981-,
1981-423,
1981-410,
1981-347,
1981-413,
1981-610,
1981-615,
1981-415,
1981-310,
1981-414,
1981-308,
1981-416,
1981-520,Grand Slam
1981-273,
1981-311,
1981-313,
1981-702,
1981-540,Grand Slam
1981-314,
1981-315,
1981-417,
1981-319,
1981-321,
1981-316,
1981-317,
1981-418,
1981-705,
1981-707,
1981-343,
1981-717,
1981-320,
1981-421,
1981-349,
1981-412,
1981-422,
1981-560,Grand Slam
1981-325,
1981-801,
1981-323,
1981-322,
1981-424,
1981-309,
1981-324,
1981-425,
1981-326,
1981-330,
1981-328,
1981-427,
1981-331,
1981-329,
1981-337,
1981-332,
1981-7302,
1981-428,
1981-336,
1981-353,
1981-429,
1981-333,
1981-430,
1981-334,
1981-303,
1981-312,
1981-426,
1981-362,
1981-361,
1981-364,
1981-338,
1981-580,Grand Slam
1981-605,Finals
1982-393,
1982-601,
1982-301,
1982-201,
1982-7303,
1982-803,
1982-401,
1982-204,
1982-303,
1982-389,
1982-344,
1982-402,
1982-802,
1982-404,
1982-206,
1982-808,
1982-345,
1982-406,
1982-351,
1982-804,
1982-407,
1982-7305,
1982-809,
1982-408,
1982-810,
1982-348,
1982-,
1982-410,
1982-405,
1982-423,
1982-347,
1982-610,
1982-413,
1982-309,
1982-346,
1982-724,
1982-415,
1982-615,
1982-310,
1982-414,
1982-308,
1982-416,
1982-520,Grand Slam
1982-311,
1982-702,
1982-313,
1982-540,Grand Slam
1982-314,
1982-315,
1982-316,
1982-417,
1982-321,
1982-811,
1982-317,
1982-319,
1982-418,
1982-812,
1982-705,
1982-707,
1982-343,
1982-717,
1982-320,
1982-421,
1982-813,
1982-422,
1982-349,
1982-560,Grand Slam
1982-325,
1982-801,
1982-323,
1982-322,
1982-814,
1982-424,
1982-324,
1982-425,
1982-331,
1982-328,
1982-427,
1982-806,
1982-815,
1982-329,
1982-337,
1982-332,
1982-7302,
1982-428,
1982-816,
1982-336,
1982-353,
1982-429,
1982-327,
1982-333,
1982-430,
1982-704,
1982-334,
1982-817,
1982-237,
1982-726,
1982-240,
1982-426,
1982-818,
1982-580,Grand Slam
1982-338,
1982-819,
1982-7308,
1982-340,
1982-605,Finals
1983-601,
1983-301,
1983-805,
1983-201,
1983-344,
1983-401,
1983-802,
1983-402,
1983-204,
1983-803,
1983-404,
1983-345,
1983-406,
1983-304,
1983-804,
1983-407,
1983-408,
1983-,
1983-410,
1983-405,
1983-723,
1983-342,
1983-423,
1983-724,
1983-347,
1983-413,
1983-309,
1983-346,
1983-610,
1983-415,
1983-615,
1983-310,
1983-414,
1983-308,
1983-416,
1983-520,Grand Slam
1983-311,
1983-702,
1983-313,
1983-540,Grand Slam
1983-314,
1983-315,
1983-316,
1983-417,
1983-321,
1983-317,
1983-319,
1983-418,
1983-705,
1983-707,
1983-343,
1983-717,
1983-320,
1983-421,
1983-422,
1983-349,
1983-560,Grand Slam
1983-388,
1983-325,
1983-323,
1983-322,
1983-424,
1983-324,
1983-425,
1983-326,
1983-328,
1983-427,
1983-330,
1983-329,
1983-337,
1983-332,
1983-428,
1983-336,
1983-429,
1983-333,
1983-430,
1983-703,
1983-726,
1983-426,
1983-327,
1983-580,Grand Slam
1983-338,
1983-7308,
1983-340,
1983-605,Finals
1984-301,
1984-601,
1984-401,
1984-402,
1984-802,
1984-404,
1984-309,
1984-406,
1984-7305,
1984-407,
1984-408,
1984-718,
1984-306,
1984-405,
1984-820,
1984-431,
1984-,
1984-410,
1984-342,
1984-610,
1984-415,
1984-310,
1984-414,
1984-416,
1984-308,
1984-615,
1984-520,Grand Slam
1984-311,
1984-313,
1984-540,Grand Slam
1984-314,
1984-315,
1984-316,
1984-417,
1984-321,
1984-317,
1984-319,
1984-418,
1984-318,
1984-705,
1984-320,
1984-717,
1984-343,
1984-421,
1984-422,
1984-560,Grand Slam
1984-423,
1984-325,
1984-330,
1984-323,
1984-322,
1984-424,
1984-324,
1984-425,
1984-326,
1984-328,
1984-427,
1984-329,
1984-332,
1984-331,
1984-428,
1984-336,
1984-337,
1984-429,
1984-333,
1984-430,
1984-335,
1984-426,
1984-327,
1984-580,Grand Slam
1984-338,
1984-7308,
1984-340,
1984-605,Finals
1985-601,
1985-301,
1985-401,
1985-402,
1985-403,
1985-404,
1985-302,
1985-303,
1985-405,
1985-406,
1985-304,
1985-407,
1985-727,
1985-408,
1985-411,
1985-410,
1985-308,
1985-610,
1985-,
1985-306,
1985-412,
1985-307,
1985-414,
1985-413,
1985-415,
1985-309,
1985-416,
1985-615,
1985-310,
1985-520,Grand Slam
1985-312,
1985-311,
1985-313,
1985-540,Grand Slam
1985-417,
1985-314,
1985-315,
1985-316,
1985-418,
1985-317,
1985-717,
1985-318,
1985-319,
1985-420,
1985-320,
1985-421,
1985-422,
1985-560,Grand Slam
1985-325,
1985-321,
1985-323,
1985-322,
1985-423,
1985-425,
1985-424,
1985-326,
1985-426,
1985-327,
1985-328,
1985-427,
1985-330,
1985-329,
1985-332,
1985-331,
1985-428,
1985-429,
1985-430,
1985-336,
1985-337,
1985-580,Grand Slam
1985-338,
1985-7308,
1985-340,
1985-605,Finals
1986-301,
1986-601,
1986-401,
1986-402,
1986-302,
1986-403,
1986-404,
1986-7305,
1986-408,
1986-406,
1986-727,
1986-411,
1986-407,
1986-412,
1986-332,
1986-306,
1986-610,
1986-,
1986-410,
1986-717,
1986-309,
1986-415,
1986-308,
1986-416,
1986-615,
1986-310,
1986-520,Grand Slam
1986-312,
1986-311,
1986-367,
1986-313,
1986-540,Grand Slam
1986-323,
1986-314,
1986-315,
1986-316,
1986-417,
1986-318,
1986-317,
1986-418,
1986-319,
1986-420,
1986-366,
1986-421,
1986-422,
1986-560,Grand Slam
1986-322,
1986-321,
1986-414,
1986-423,
1986-425,
1986-424,
1986-325,
1986-433,
1986-330,
1986-327,
1986-328,
1986-427,
1986-329,
1986-428,
1986-337,
1986-336,
1986-352,ATP Masters 1000
1986-429,
1986-303,
1986-430,
1986-405,
1986-426,
1986-240,
1986-605,Finals
1986-602,
1987-7308,
1987-301,
1987-580,Grand Slam
1987-201,
1987-338,
1987-7309,
1987-401,
1987-402,
1987-404,
1987-403,
1987-409,
1987-407,
1987-406,
1987-304,
1987-411,
1987-408,
1987-306,
1987-610,
1987-,
1987-329,
1987-410,
1987-434,
1987-414,
1987-415,
1987-308,
1987-416,
1987-615,
1987-310,
1987-520,Grand Slam
1987-312,
1987-311,
1987-367,
1987-313,
1987-540,Grand Slam
1987-417,
1987-314,
1987-315,
1987-323,
1987-717,
1987-318,
1987-321,
1987-224,
1987-316,
1987-317,
1987-418,
1987-319,
1987-420,
1987-421,
1987-379,
1987-366,
1987-422,
1987-435,
1987-560,Grand Slam
1987-322,
1987-309,
1987-425,
1987-423,
1987-325,
1987-424,
1987-328,
1987-326,
1987-433,
1987-427,
1987-330,
1987-327,
1987-337,
1987-428,
1987-336,
1987-352,ATP Masters 1000
1987-429,
1987-237,
1987-348,
1987-430,
1987-303,
1987-426,
1987-240,
1987-605,Finals
1987-602,
1988-7308,
1988-354,
1988-301,
1988-338,
1988-580,Grand Slam
1988-201,
1988-7309,
1988-407,
1988-402,
1988-408,
1988-7305,
1988-401,
1988-404,
1988-409,
1988-403,
1988-610,
1988-309,
1988-,
1988-329,
1988-410,
1988-434,
1988-717,
1988-414,
1988-415,
1988-308,
1988-416,
1988-615,
1988-310,
1988-520,Grand Slam
1988-312,
1988-311,
1988-367,
1988-313,
1988-540,Grand Slam
1988-417,
1988-314,
1988-315,
1988-316,
1988-321,
1988-224,
1988-418,
1988-323,
1988-317,
1988-420,
1988-419,
1988-319,
1988-379,
1988-366,
1988-421,
1988-422,
1988-318,
1988-435,
1988-560,Grand Slam
1988-425,
1988-306,
1988-322,
1988-423,
1988-88,Olympics
1988-325,
1988-424,
1988-433,
1988-328,
1988-326,
1988-427,
1988-330,
1988-327,
1988-348,
1988-337,
1988-428,
1988-336,
1988-352,ATP Masters 1000
1988-237,
1988-429,
1988-303,
1988-430,
1988-437,
1988-426,
1988-406,
1988-240,
1988-605,Finals
1988-602,
1989-7308,
1989-354,
1989-301,
1989-338,
1989-580,Grand Slam
1989-201,
1989-407,
1989-402,
1989-408,
1989-7309,
1989-401,
1989-304,
1989-610,
1989-433,
1989-404,
1989-403,
1989-367,
1989-215,
1989-434,
1989-,
1989-329,
1989-410,
1989-456,
1989-415,
1989-308,
1989-717,
1989-414,
1989-416,
1989-615,
1989-310,
1989-520,Grand Slam
1989-312,
1989-311,
1989-306,
1989-313,
1989-540,Grand Slam
1989-417,
1989-314,
1989-315,
1989-224,
1989-317,
1989-321,
1989-418,
1989-316,
1989-319,
1989-420,
1989-419,
1989-318,
1989-379,
1989-422,
1989-421,
1989-366,
1989-475,
1989-560,Grand Slam
1989-322,
1989-309,
1989-425,
1989-423,
1989-323,
1989-325,
1989-424,
1989-326,
1989-409,
1989-328,
1989-427,
1989-327,
1989-330,
1989-337,
1989-428,
1989-348,
1989-352,ATP Masters 1000
1989-237,
1989-429,
1989-430,
1989-426,
1989-240,
1989-605,Finals
1989-602,
1990-7308,
1990-354,
1990-301,
1990-338,
1990-580,Grand Slam
1990-201,
1990-408,
1990-424,
1990-406,
1990-302,
1990-401,
1990-357,
1990-402,
1990-407,
1990-360,
1990-404,ATP Masters 1000
1990-403,ATP Masters 1000
1990-468,
1990-409,
1990-215,
1990-425,
1990-329,
1990-,
1990-434,
1990-336,
1990-410,ATP Masters 1000
1990-309,
1990-308,
1990-456,
1990-414,ATP Masters 1000
1990-717,
1990-416,ATP Masters 1000
1990-439,
1990-312,
1990-615,
1990-520,Grand Slam
1990-310,
1990-311,
1990-440,
1990-306,
1990-7310,
1990-540,Grand Slam
1990-316,
1990-314,
1990-315,
1990-321,
1990-418,
1990-317,
1990-421,ATP Masters 1000
1990-319,
1990-423,
1990-366,
1990-422,ATP Masters 1000
1990-379,
1990-419,
1990-420,
1990-441,
1990-475,
1990-224,
1990-560,Grand Slam
1990-323,
1990-322,
1990-328,
1990-326,
1990-325,
1990-367,
1990-427,
1990-327,
1990-348,
1990-330,
1990-428,
1990-7309,
1990-337,
1990-237,
1990-429,ATP Masters 1000
1990-352,ATP Masters 1000
1990-240,
1990-438,
1990-430,
1990-605,Finals
1990-602,
1990-604,
1991-7308,
1991-354,
1991-301,
1991-338,
1991-580,Grand Slam
1991-201,
1991-408,
1991-424,
1991-406,
1991-401,
1991-402,
1991-357,
1991-411,
1991-407,
1991-481,
1991-404,ATP Masters 1000
1991-403,ATP Masters 1000
1991-468,
1991-336,
1991-409,
1991-425,
1991-329,
1991-,
1991-434,
1991-410,ATP Masters 1000
1991-456,
1991-309,
1991-308,
1991-346,
1991-717,
1991-414,ATP Masters 1000
1991-416,ATP Masters 1000
1991-439,
1991-312,
1991-615,
1991-520,Grand Slam
1991-310,
1991-311,
1991-440,
1991-306,
1991-7310,
1991-540,Grand Slam
1991-316,
1991-314,
1991-315,
1991-321,
1991-418,
1991-317,
1991-421,ATP Masters 1000
1991-319,
1991-423,
1991-475,
1991-422,ATP Masters 1000
1991-379,
1991-419,
1991-420,
1991-441,
1991-224,
1991-560,Grand Slam
1991-323,
1991-463,
1991-322,
1991-328,
1991-326,
1991-325,
1991-367,
1991-427,
1991-327,
1991-348,
1991-330,
1991-428,
1991-7309,
1991-337,
1991-237,
1991-429,ATP Masters 1000
1991-215,
1991-352,ATP Masters 1000
1991-430,
1991-438,
1991-240,
1991-605,Finals
1991-602,
1991-604,
1992-7308,
1992-354,
1992-301,
1992-338,
1992-580,Grand Slam
1992-201,
1992-408,
1992-424,
1992-406,
1992-402,
1992-401,
1992-357,
1992-407,
1992-433,
1992-481,
1992-404,ATP Masters 1000
1992-403,ATP Masters 1000
1992-360,
1992-468,
1992-426,
1992-456,
1992-425,
1992-329,
1992-336,
1992-,
1992-346,
1992-410,ATP Masters 1000
1992-434,
1992-409,
1992-309,
1992-308,
1992-717,
1992-414,ATP Masters 1000
1992-416,ATP Masters 1000
1992-312,
1992-615,
1992-520,Grand Slam
1992-310,
1992-311,
1992-440,
1992-306,
1992-7310,
1992-540,Grand Slam
1992-316,
1992-314,
1992-315,
1992-321,
1992-418,
1992-317,
1992-319,
1992-421,ATP Masters 1000
1992-92,Olympics
1992-475,
1992-423,
1992-422,ATP Masters 1000
1992-379,
1992-419,
1992-420,
1992-441,
1992-224,
1992-439,
1992-560,Grand Slam
1992-323,
1992-7300,
1992-328,
1992-326,
1992-325,
1992-367,
1992-427,
1992-327,
1992-348,
1992-330,
1992-428,
1992-7309,
1992-457,
1992-337,
1992-237,
1992-429,ATP Masters 1000
1992-215,
1992-352,ATP Masters 1000
1992-430,
1992-438,
1992-240,
1992-605,Finals
1992-602,
1992-604,
1993-7308,
1993-451,
1993-450,
1993-301,
1993-494,
1993-338,
1993-580,Grand Slam
1993-495,
1993-496,
1993-424,
1993-402,
1993-408,
1993-401,
1993-357,
1993-807,
1993-407,
1993-433,
1993-481,
1993-404,ATP Masters 1000
1993-497,
1993-403,ATP Masters 1000
1993-360,
1993-426,
1993-468,
1993-498,
1993-425,
1993-329,
1993-717,
1993-336,
1993-,
1993-410,ATP Masters 1000
1993-434,
1993-409,
1993-309,
1993-308,
1993-414,ATP Masters 1000
1993-346,
1993-499,
1993-416,ATP Masters 1000
1993-312,
1993-615,
1993-520,Grand Slam
1993-310,
1993-311,
1993-440,
1993-306,
1993-500,
1993-7310,
1993-540,Grand Slam
1993-316,
1993-314,
1993-315,
1993-321,
1993-418,
1993-317,
1993-421,ATP Masters 1000
1993-319,
1993-423,
1993-379,
1993-422,ATP Masters 1000
1993-475,
1993-419,
1993-420,
1993-441,
1993-224,
1993-439,
1993-560,Grand Slam
1993-323,
1993-773,
1993-328,
1993-326,
1993-325,
1993-367,
1993-427,
1993-327,
1993-348,
1993-330,
1993-428,
1993-7307,
1993-7309,
1993-337,
1993-505,
1993-429,ATP Masters 1000
1993-352,ATP Masters 1000
1993-240,
1993-430,
1993-7304,
1993-438,
1993-605,Finals
1993-602,
1993-604,
1994-7308,
1994-451,
1994-517,
1994-301,
1994-494,
1994-338,
1994-580,Grand Slam
1994-495,
1994-496,
1994-424,
1994-402,
1994-408,
1994-401,
1994-357,
1994-807,
1994-407,
1994-433,
1994-481,
1994-404,ATP Masters 1000
1994-403,ATP Masters 1000
1994-497,
1994-360,
1994-468,
1994-498,
1994-426,
1994-425,
1994-329,
1994-717,
1994-336,
1994-,
1994-410,ATP Masters 1000
1994-434,
1994-409,
1994-309,
1994-308,
1994-414,ATP Masters 1000
1994-436,
1994-499,
1994-416,ATP Masters 1000
1994-312,
1994-615,
1994-520,Grand Slam
1994-310,
1994-311,
1994-440,
1994-500,
1994-7310,
1994-306,
1994-540,Grand Slam
1994-316,
1994-314,
1994-315,
1994-321,
1994-418,
1994-317,
1994-421,ATP Masters 1000
1994-319,
1994-423,
1994-379,
1994-422,ATP Masters 1000
1994-475,
1994-419,
1994-420,
1994-441,
1994-224,
1994-439,
1994-560,Grand Slam
1994-359,
1994-323,
1994-773,
1994-328,
1994-326,
1994-325,
1994-367,
1994-427,
1994-327,
1994-348,
1994-330,
1994-428,
1994-7307,
1994-7309,
1994-337,
1994-505,
1994-429,ATP Masters 1000
1994-544,
1994-352,ATP Masters 1000
1994-430,
1994-7304,
1994-438,
1994-605,Finals
1994-602,
1994-604,
1995-7308,
1995-451,
1995-301,
1995-494,
1995-338,
1995-580,Grand Slam
1995-495,
1995-496,
1995-424,
1995-402,
1995-408,
1995-401,
1995-357,
1995-807,
1995-407,
1995-433,
1995-481,
1995-404,ATP Masters 1000
1995-403,ATP Masters 1000
1995-568,
1995-360,
1995-468,
1995-426,
1995-425,
1995-329,
1995-436,
1995-336,
1995-,
1995-410,ATP Masters 1000
1995-434,
1995-409,
1995-308,
1995-414,ATP Masters 1000
1995-717,
1995-499,
1995-416,ATP Masters 1000
1995-312,
1995-615,
1995-520,Grand Slam
1995-311,
1995-310,
1995-440,
1995-500,
1995-741,
1995-306,
1995-540,Grand Slam
1995-316,
1995-314,
1995-315,
1995-321,
1995-418,
1995-317,
1995-421,ATP Masters 1000
1995-319,
1995-423,
1995-379,
1995-422,ATP Masters 1000
1995-475,
1995-419,
1995-420,
1995-441,
1995-439,
1995-560,Grand Slam
1995-359,
1995-323,
1995-773,
1995-328,
1995-325,
1995-326,
1995-327,
1995-7306,
1995-348,
1995-330,
1995-428,
1995-7307,
1995-7309,
1995-337,
1995-430,ATP Masters 1000
1995-505,
1995-544,
1995-352,ATP Masters 1000
1995-7304,
1995-438,
1995-429,
1995-605,Finals
1995-602,
1995-604,
1996-7308,
1996-451,
1996-301,
1996-494,
1996-338,
1996-580,Grand Slam
1996-890,
1996-7301,
1996-495,
1996-496,
1996-424,
1996-430,
1996-402,
1996-408,
1996-401,
1996-807,
1996-407,
1996-433,
1996-481,
1996-404,ATP Masters 1000
1996-403,ATP Masters 1000
1996-568,
1996-360,
1996-468,
1996-336,
1996-891,
1996-425,
1996-436,
1996-329,
1996-410,ATP Masters 1000
1996-434,
1996-409,
1996-308,
1996-379,
1996-414,ATP Masters 1000
1996-717,
1996-499,
1996-416,ATP Masters 1000
1996-615,
1996-306,
1996-520,Grand Slam
1996-311,
1996-310,
1996-440,
1996-312,
1996-500,
1996-741,
1996-540,Grand Slam
1996-316,
1996-314,
1996-315,
1996-321,
1996-418,
1996-96,Olympics
1996-319,
1996-317,
1996-423,
1996-422,ATP Masters 1000
1996-475,
1996-419,
1996-420,
1996-439,
1996-441,
1996-421,ATP Masters 1000
1996-560,Grand Slam
1996-359,
1996-620,
1996-773,
1996-328,
1996-325,
1996-7309,
1996-7306,
1996-326,
1996-7307,
1996-337,
1996-348,
1996-330,
1996-327,
1996-357,ATP Masters 1000
1996-352,ATP Masters 1000
1996-438,
1996-505,
1996-429,
1996-602,
1996-605,Finals
1996-604,
1997-7308,
1997-451,
1997-301,
1997-338,
1997-580,Grand Slam
1997-890,
1997-7301,
1997-495,
1997-496,
1997-424,
1997-430,
1997-402,
1997-408,
1997-401,
1997-407,
1997-433,
1997-481,
1997-404,ATP Masters 1000
1997-403,ATP Masters 1000
1997-568,
1997-360,
1997-891,
1997-468,
1997-336,
1997-425,
1997-329,
1997-410,ATP Masters 1000
1997-717,
1997-409,
1997-308,
1997-379,
1997-499,
1997-414,ATP Masters 1000
1997-416,ATP Masters 1000
1997-615,
1997-306,
1997-520,Grand Slam
1997-312,
1997-500,
1997-311,
1997-741,
1997-440,
1997-540,Grand Slam
1997-316,
1997-314,
1997-315,
1997-321,
1997-418,
1997-319,
1997-423,
1997-439,
1997-317,
1997-421,ATP Masters 1000
1997-422,ATP Masters 1000
1997-475,
1997-419,
1997-420,
1997-80,
1997-441,
1997-560,Grand Slam
1997-620,
1997-7306,
1997-73,
1997-773,
1997-327,
1997-604,
1997-328,
1997-7307,
1997-325,
1997-326,
1997-337,
1997-7309,
1997-348,
1997-807,
1997-357,ATP Masters 1000
1997-359,
1997-352,ATP Masters 1000
1997-438,
1997-505,
1997-429,
1997-605,Finals
1997-602,
1998-7308,
1998-451,
1998-301,
1998-338,
1998-580,Grand Slam
1998-496,
1998-7301,
1998-495,
1998-424,
1998-568,
1998-430,
1998-402,
1998-408,
1998-401,
1998-407,
1998-433,
1998-481,
1998-404,ATP Masters 1000
1998-403,ATP Masters 1000
1998-360,
1998-891,
1998-468,
1998-336,
1998-425,
1998-329,
1998-410,ATP Masters 1000
1998-717,
1998-409,
1998-308,
1998-379,
1998-499,
1998-414,ATP Masters 1000
1998-416,ATP Masters 1000
1998-615,
1998-306,
1998-520,Grand Slam
1998-312,
1998-500,
1998-311,
1998-741,
1998-440,
1998-540,Grand Slam
1998-316,
1998-314,
1998-315,
1998-321,
1998-418,
1998-319,
1998-423,
1998-439,
1998-317,
1998-421,ATP Masters 1000
1998-422,ATP Masters 1000
1998-475,
1998-419,
1998-420,
1998-80,
1998-441,
1998-560,Grand Slam
1998-620,
1998-773,
1998-73,
1998-7306,
1998-604,
1998-327,
1998-328,
1998-325,
1998-890,
1998-326,
1998-337,
1998-7309,
1998-348,
1998-807,
1998-357,ATP Masters 1000
1998-359,
1998-352,ATP Masters 1000
1998-438,
1998-505,
1998-429,
1998-602,
1998-605,Finals
1999-7308,
1999-451,
1999-301,
1999-338,
1999-580,Grand Slam
1999-496,
1999-495,
1999-424,
1999-568,
1999-402,
1999-407,
1999-408,
1999-481,
1999-433,
1999-404,ATP Masters 1000
1999-403,ATP Masters 1000
1999-360,
1999-891,
1999-468,
1999-336,
1999-425,
1999-329,
1999-410,ATP Masters 1000
1999-717,
1999-409,
1999-308,
1999-379,
1999-499,
1999-414,ATP Masters 1000
1999-416,ATP Masters 1000
1999-615,
1999-306,
1999-520,Grand Slam
1999-500,
1999-311,
1999-473,
1999-741,
1999-440,
1999-540,Grand Slam
1999-316,
1999-314,
1999-315,
1999-321,
1999-319,
1999-423,
1999-439,
1999-317,
1999-421,ATP Masters 1000
1999-422,ATP Masters 1000
1999-475,
1999-419,
1999-418,
1999-80,
1999-441,
1999-560,Grand Slam
1999-620,
1999-7306,
1999-73,
1999-773,
1999-604,
1999-327,
1999-328,
1999-325,
1999-890,
1999-326,
1999-337,
1999-7309,
1999-357,ATP Masters 1000
1999-352,ATP Masters 1000
1999-438,
1999-429,
1999-602,
1999-605,Finals
2000-7308,ATP 250
2000-891,ATP 250
2000-451,ATP 250
2000-301,ATP 250
2000-338,ATP 250
2000-580,Grand Slam
2000-495,ATP 250
2000-496,ATP 250
2000-424,ATP 250
2000-402,ATP 500
2000-407,ATP 500
2000-408,ATP 250
2000-807,ATP 500
2000-481,ATP 250
2000-499,ATP 250
2000-505,ATP 250
2000-359,ATP 250
2000-433,ATP 250
2000-404,ATP Masters 1000
2000-403,ATP Masters 1000
2000-409,ATP 250
2000-360,ATP 250
2000-468,ATP 250
2000-410,ATP Masters 1000
2000-425,ATP 500
2000-7306,ATP 250
2000-308,ATP 250
2000-717,ATP 250
2000-416,ATP Masters 1000
2000-414,ATP Masters 1000
2000-615,ATP 250
2000-306,ATP 250
2000-520,Grand Slam
2000-500,ATP 250
2000-311,ATP 250
2000-741,ATP 250
2000-440,ATP 250
2000-540,Grand Slam
2000-316,ATP 250
2000-314,ATP 250
2000-315,ATP 250
2000-317,ATP 250
2000-321,ATP 500
2000-439,ATP 250
2000-319,ATP 500
2000-423,ATP 250
2000-475,ATP 250
2000-421,ATP Masters 1000
2000-422,ATP Masters 1000
2000-419,ATP 500
2000-418,ATP 500
2000-441,ATP 250
2000-560,Grand Slam
2000-773,ATP 250
2000-73,ATP 250
2000-96,Olympics
2000-325,ATP 250
2000-336,ATP 250
2000-329,ATP 500
2000-337,ATP 500
2000-890,ATP 250
2000-327,ATP 250
2000-328,ATP 250
2000-438,ATP 250
2000-357,ATP Masters 1000
2000-7309,ATP 250
2000-568,ATP 250
2000-352,ATP Masters 1000
2000-620,ATP 250
2000-429,ATP 250
2000-605,Finals
2000-602,ATP 250
2001-7308,ATP 250
2001-891,ATP 250
2001-451,ATP 250
2001-301,ATP 250
2001-338,ATP 250
2001-580,Grand Slam
2001-359,ATP 250
2001-408,ATP 250
2001-481,ATP 250
2001-496,ATP 250
2001-505,ATP 250
2001-506,ATP 250
2001-402,ATP 500
2001-407,ATP 500
2001-807,ATP 500
2001-495,ATP 500
2001-424,ATP 250
2001-499,ATP 250
2001-433,ATP 250
2001-404,ATP Masters 1000
2001-403,ATP Masters 1000
2001-360,ATP 250
2001-468,ATP 250
2001-410,ATP Masters 1000
2001-409,ATP 250
2001-425,ATP 500
2001-717,ATP 250
2001-7306,ATP 250
2001-308,ATP 250
2001-416,ATP Masters 1000
2001-414,ATP Masters 1000
2001-615,ATP 250
2001-306,ATP 250
2001-520,Grand Slam
2001-500,ATP 250
2001-311,ATP 250
2001-741,ATP 250
2001-440,ATP 250
2001-540,Grand Slam
2001-316,ATP 250
2001-314,ATP 250
2001-315,ATP 250
2001-317,ATP 250
2001-321,ATP 500
2001-439,ATP 250
2001-319,ATP 500
2001-423,ATP 250
2001-475,ATP 250
2001-421,ATP Masters 1000
2001-422,ATP Masters 1000
2001-419,ATP 500
2001-418,ATP 500
2001-441,ATP 250
2001-560,Grand Slam
2001-773,ATP 250
2001-533,ATP 250
2001-73,ATP 250
2001-890,ATP 250
2001-336,ATP 250
2001-325,ATP 250
2001-438,ATP 250
2001-329,ATP 500
2001-7309,ATP 250
2001-337,ATP 500
2001-357,ATP Masters 1000
2001-328,ATP 250
2001-568,ATP 250
2001-429,ATP 250
2001-352,ATP Masters 1000
2001-605,Finals
2001-602,ATP 250
2002-7308,ATP 250
2002-891,ATP 250
2002-451,ATP 250
2002-301,ATP 250
2002-338,ATP 250
2002-580,Grand Slam
2002-408,ATP 250
2002-481,ATP 250
2002-496,ATP 250
2002-505,ATP 250
2002-506,ATP 250
2002-402,ATP 500
2002-407,ATP 500
2002-807,ATP 500
2002-495,ATP 500
2002-424,ATP 250
2002-499,ATP 250
2002-433,ATP 250
2002-404,ATP Masters 1000
2002-403,ATP Masters 1000
2002-360,ATP 250
2002-468,ATP 250
2002-410,ATP Masters 1000
2002-425,ATP 500
2002-717,ATP 250
2002-7306,ATP 250
2002-308,ATP 250
2002-416,ATP Masters 1000
2002-414,ATP Masters 1000
2002-615,ATP 250
2002-306,ATP 250
2002-520,Grand Slam
2002-500,ATP 250
2002-311,ATP 250
2002-741,ATP 250
2002-440,ATP 250
2002-540,Grand Slam
2002-316,ATP 250
2002-314,ATP 250
2002-315,ATP 250
2002-317,ATP 250
2002-321,ATP 250
2002-439,ATP 250
2002-319,ATP 500
2002-423,ATP 250
2002-475,ATP 250
2002-421,ATP Masters 1000
2002-422,ATP Masters 1000
2002-419,ATP 500
2002-418,ATP 500
2002-441,ATP 250
2002-560,Grand Slam
2002-773,ATP 250
2002-533,ATP 250
2002-73,ATP 250
2002-336,ATP 250
2002-325,ATP 250
2002-438,ATP 250
2002-329,ATP 500
2002-7309,ATP 250
2002-337,ATP 500
2002-1536,ATP Masters 1000
2002-328,ATP 250
2002-568,ATP 250
2002-429,ATP 250
2002-352,ATP Masters 1000
2002-605,Finals
2003-7308,ATP 250
2003-891,ATP 250
2003-451,ATP 250
2003-301,ATP 250
2003-338,ATP 250
2003-580,Grand Slam
2003-408,ATP 250
2003-496,ATP 250
2003-424,ATP 250
2003-505,ATP 250
2003-506,ATP 250
2003-402,ATP 500
2003-407,ATP 500
2003-807,ATP 500
2003-481,ATP 250
2003-495,ATP 500
2003-499,ATP 250
2003-433,ATP 250
2003-404,ATP Masters 1000
2003-403,ATP Masters 1000
2003-360,ATP 250
2003-468,ATP 250
2003-410,ATP Masters 1000
2003-425,ATP 500
2003-717,ATP 250
2003-308,ATP 250
2003-573,ATP 250
2003-416,ATP Masters 1000
2003-414,ATP Masters 1000
2003-615,ATP 250
2003-306,ATP 250
2003-520,Grand Slam
2003-500,ATP 250
2003-311,ATP 250
2003-741,ATP 250
2003-440,ATP 250
2003-540,Grand Slam
2003-316,ATP 250
2003-314,ATP 250
2003-315,ATP 250
2003-317,ATP 250
2003-321,ATP 500
2003-419,ATP 250
2003-319,ATP 500
2003-439,ATP 250
2003-423,ATP 250
2003-475,ATP 250
2003-418,ATP 250
2003-421,ATP Masters 1000
2003-422,ATP Masters 1000
2003-441,ATP 250
2003-560,Grand Slam
2003-773,ATP 250
2003-533,ATP 250
2003-1720,ATP 250
2003-325,ATP 250
2003-890,ATP 250
2003-341,ATP 250
2003-438,ATP 250
2003-329,ATP 500
2003-7309,ATP 250
2003-337,ATP 500
2003-1536,ATP Masters 1000
2003-328,ATP 250
2003-568,ATP 250
2003-429,ATP 250
2003-352,ATP Masters 1000
2003-605,Finals
2004-7308,ATP 250
2004-891,ATP 250
2004-451,ATP 250
2004-301,ATP 250
2004-338,ATP 250
2004-580,Grand Slam
2004-408,ATP 250
2004-424,ATP 250
2004-505,ATP 250
2004-506,ATP 250
2004-402,ATP 500
2004-407,ATP 500
2004-496,ATP 250
2004-533,ATP 250
2004-807,ATP 500
2004-495,ATP 500
2004-433,ATP 250
2004-404,ATP Masters 1000
2004-403,ATP Masters 1000
2004-468,ATP 250
2004-717,ATP 250
2004-573,ATP 250
2004-410,ATP Masters 1000
2004-425,ATP 500
2004-308,ATP 250
2004-416,ATP Masters 1000
2004-414,ATP Masters 1000
2004-360,ATP 250
2004-615,ATP 250
2004-306,ATP 250
2004-520,Grand Slam
2004-500,ATP 250
2004-311,ATP 250
2004-741,ATP 250
2004-440,ATP 250
2004-540,Grand Slam
2004-316,ATP 250
2004-314,ATP 250
2004-315,ATP 250
2004-317,ATP 250
2004-423,ATP 250
2004-321,ATP 500
2004-419,ATP 250
2004-319,ATP 500
2004-439,ATP 250
2004-421,ATP Masters 1000
2004-422,ATP Masters 1000
2004-475,ATP 250
2004-96,Olympics
2004-418,ATP 250
2004-441,ATP 250
2004-560,Grand Slam
2004-747,ATP 250
2004-773,ATP 250
2004-499,ATP 250
2004-1720,ATP 250
2004-325,ATP 250
2004-890,ATP 250
2004-7309,ATP 250
2004-329,ATP 500
2004-341,ATP 250
2004-438,ATP 250
2004-337,ATP 500
2004-1536,ATP Masters 1000
2004-328,ATP 250
2004-568,ATP 250
2004-429,ATP 250
2004-352,ATP Masters 1000
2004-605,Finals
2005-7308,ATP 250
2005-891,ATP 250
2005-451,ATP 250
2005-301,ATP 250
2005-338,ATP 250
2005-580,Grand Slam
2005-499,ATP 250
2005-408,ATP 250
2005-505,ATP 250
2005-506,ATP 250
2005-496,ATP 250
2005-424,ATP 250
2005-402,ATP 500
2005-407,ATP 500
2005-533,ATP 250
2005-807,ATP 500
2005-495,ATP 500
2005-433,ATP 250
2005-404,ATP Masters 1000
2005-403,ATP Masters 1000
2005-360,ATP 250
2005-573,ATP 250
2005-410,ATP Masters 1000
2005-425,ATP 500
2005-717,ATP 250
2005-468,ATP 250
2005-308,ATP 250
2005-416,ATP Masters 1000
2005-414,ATP Masters 1000
2005-615,ATP 250
2005-306,ATP 250
2005-520,Grand Slam
2005-500,ATP 250
2005-311,ATP 250
2005-741,ATP 250
2005-440,ATP 250
2005-540,Grand Slam
2005-316,ATP 250
2005-314,ATP 250
2005-315,ATP 250
2005-317,ATP 250
2005-419,ATP 250
2005-321,ATP 500
2005-319,ATP 500
2005-423,ATP 250
2005-439,ATP 250
2005-475,ATP 250
2005-418,ATP 250
2005-421,ATP Masters 1000
2005-422,ATP Masters 1000
2005-3348,ATP 250
2005-560,Grand Slam
2005-747,ATP 250
2005-773,ATP 250
2005-1720,ATP 250
2005-890,ATP 250
2005-325,ATP 250
2005-341,ATP 250
2005-329,ATP 500
2005-438,ATP 250
2005-429,ATP 250
2005-337,ATP 500
2005-1536,ATP Masters 1000
2005-328,ATP 250
2005-7309,ATP 250
2005-568,ATP 250
2005-352,ATP Masters 1000
2005-605,Finals
2006-7308,ATP 250
2006-891,ATP 250
2006-451,ATP 250
2006-301,ATP 250
2006-338,ATP 250
2006-580,Grand Slam
2006-499,ATP 250
2006-505,ATP 250
2006-2276,ATP 250
2006-506,ATP 250
2006-496,ATP 250
2006-424,ATP 250
2006-402,ATP 500
2006-407,ATP 500
2006-533,ATP 250
2006-807,ATP 500
2006-495,ATP 500
2006-433,ATP 250
2006-404,ATP Masters 1000
2006-403,ATP Masters 1000
2006-717,ATP 250
2006-573,ATP 250
2006-410,ATP Masters 1000
2006-425,ATP 500
2006-360,ATP 250
2006-468,ATP 250
2006-308,ATP 250
2006-416,ATP Masters 1000
2006-414,ATP Masters 1000
2006-615,ATP 250
2006-306,ATP 250
2006-520,Grand Slam
2006-500,ATP 250
2006-311,ATP 250
2006-741,ATP 250
2006-440,ATP 250
2006-540,Grand Slam
2006-316,ATP 250
2006-314,ATP 250
2006-315,ATP 250
2006-317,ATP 250
2006-419,ATP 250
2006-321,ATP 500
2006-319,ATP 500
2006-423,ATP 250
2006-439,ATP 250
2006-475,ATP 250
2006-418,ATP 250
2006-421,ATP Masters 1000
2006-422,ATP Masters 1000
2006-3348,ATP 250
2006-560,Grand Slam
2006-747,ATP 250
2006-773,ATP 250
2006-1720,ATP 250
2006-3465,ATP 250
2006-325,ATP 250
2006-341,ATP 250
2006-329,ATP 500
2006-438,ATP 250
2006-429,ATP 250
2006-337,ATP 500
2006-1536,ATP Masters 1000
2006-328,ATP 250
2006-7309,ATP 250
2006-568,ATP 250
2006-352,ATP Masters 1000
2006-605,Finals
2007-7308,ATP 250
2007-891,ATP 250
2007-451,ATP 250
2007-301,ATP 250
2007-338,ATP 250
2007-580,Grand Slam
2007-499,ATP 250
2007-505,ATP 250
2007-2276,ATP 250
2007-496,ATP 250
2007-424,ATP 250
2007-533,ATP 250
2007-506,ATP 250
2007-402,ATP 500
2007-407,ATP 500
2007-807,ATP 500
2007-495,ATP 500
2007-433,ATP 250
2007-404,ATP Masters 1000
2007-403,ATP Masters 1000
2007-717,ATP 250
2007-573,ATP 250
2007-410,ATP Masters 1000
2007-425,ATP 500
2007-360,ATP 250
2007-468,ATP 250
2007-308,ATP 250
2007-416,ATP Masters 1000
2007-414,ATP Masters 1000
2007-615,ATP 250
2007-306,ATP 250
2007-520,Grand Slam
2007-500,ATP 250
2007-311,ATP 250
2007-440,ATP 250
2007-741,ATP 250
2007-540,Grand Slam
2007-316,ATP 250
2007-314,ATP 250
2007-315,ATP 250
2007-317,ATP 250
2007-423,ATP 250
2007-321,ATP 500
2007-419,ATP 250
2007-319,ATP 500
2007-439,ATP 250
2007-418,ATP 250
2007-475,ATP 250
2007-421,ATP Masters 1000
2007-422,ATP Masters 1000
2007-3348,ATP 250
2007-560,Grand Slam
2007-747,ATP 250
2007-773,ATP 250
2007-1720,ATP 250
2007-3465,ATP 250
2007-341,ATP 250
2007-329,ATP 500
2007-429,ATP 250
2007-337,ATP 500
2007-438,ATP 250
2007-1536,ATP Masters 1000
2007-328,ATP 250
2007-7309,ATP 250
2007-568,ATP 250
2007-352,ATP Masters 1000
2007-605,Finals
2008-7308,ATP 250
2008-891,ATP 250
2008-451,ATP 250
2008-301,ATP 250
2008-338,ATP 250
2008-580,Grand Slam
2008-505,ATP 250
2008-499,ATP 250
2008-496,ATP 250
2008-533,ATP 250
2008-506,ATP 250
2008-407,ATP 500
2008-424,ATP 250
2008-807,ATP 500
2008-402,ATP 500
2008-2276,ATP 250
2008-495,ATP 500
2008-433,ATP 250
2008-404,ATP Masters 1000
2008-403,ATP Masters 1000
2008-468,ATP 250
2008-717,ATP 250
2008-573,ATP 250
2008-410,ATP Masters 1000
2008-425,ATP 500
2008-308,ATP 250
2008-416,ATP Masters 1000
2008-414,ATP Masters 1000
2008-360,ATP 250
2008-615,ATP 250
2008-306,ATP 250
2008-520,Grand Slam
2008-500,ATP 250
2008-311,ATP 250
2008-475,ATP 250
2008-440,ATP 250
2008-741,ATP 250
2008-540,Grand Slam
2008-316,ATP 250
2008-314,ATP 250
2008-315,ATP 250
2008-321,ATP 500
2008-317,ATP 250
2008-419,ATP 250
2008-319,ATP 500
2008-439,ATP 250
2008-421,ATP Masters 1000
2008-422,ATP Masters 1000
2008-423,ATP 250
2008-418,ATP 250
2008-96,Olympics
2008-3348,ATP 250
2008-560,Grand Slam
2008-773,ATP 250
2008-1720,ATP 250
2008-747,ATP 250
2008-341,ATP 250
2008-329,ATP 500
2008-438,ATP 250
2008-429,ATP 250
2008-337,ATP 500
2008-1536,ATP Masters 1000
2008-328,ATP 250
2008-7309,ATP 250
2008-568,ATP 250
2008-352,ATP Masters 1000
2008-605,Finals
2009-339,ATP 250
2009-891,ATP 250
2009-451,ATP 250
2009-301,ATP 250
2009-338,ATP 250
2009-580,Grand Slam
2009-5012,ATP 250
2009-505,ATP 250
2009-2276,ATP 250
2009-407,ATP 500
2009-424,ATP 250
2009-533,ATP 250
2009-506,ATP 250
2009-496,ATP 250
2009-402,ATP 500
2009-807,ATP 500
2009-499,ATP 250
2009-495,ATP 500
2009-404,ATP Masters 1000
2009-403,ATP Masters 1000
2009-360,ATP 250
2009-717,ATP 250
2009-410,ATP Masters 1000
2009-425,ATP 500
2009-416,ATP Masters 1000
2009-468,ATP 250
2009-308,ATP 250
2009-5053,ATP 250
2009-1536,ATP Masters 1000
2009-615,ATP 250
2009-306,ATP 250
2009-520,Grand Slam
2009-500,ATP 250
2009-311,ATP 250
2009-741,ATP 250
2009-440,ATP 250
2009-540,Grand Slam
2009-315,ATP 250
2009-316,ATP 250
2009-321,ATP 250
2009-414,ATP 500
2009-419,ATP 250
2009-314,ATP 250
2009-423,ATP 250
2009-439,ATP 250
2009-418,ATP 500
2009-421,ATP Masters 1000
2009-422,ATP Masters 1000
2009-3348,ATP 250
2009-560,Grand Slam
2009-773,ATP 250
2009-341,ATP 250
2009-1720,ATP 250
2009-6003,ATP 250
2009-747,ATP 500
2009-329,ATP 500
2009-5014,ATP Masters 1000
2009-438,ATP 250
2009-429,ATP 250
2009-568,ATP 250
2009-7309,ATP 250
2009-337,ATP 250
2009-328,ATP 500
2009-573,ATP 500
2009-352,ATP Masters 1000
2009-605,Finals
2010-339,ATP 250
2010-891,ATP 250
2010-451,ATP 250
2010-301,ATP 250
2010-338,ATP 250
2010-580,Grand Slam
2010-5012,ATP 250
2010-505,ATP 250
2010-2276,ATP 250
2010-407,ATP 500
2010-424,ATP 250
2010-533,ATP 250
2010-506,ATP 250
2010-496,ATP 250
2010-402,ATP 500
2010-807,ATP 500
2010-499,ATP 250
2010-495,ATP 500
2010-404,ATP Masters 1000
2010-403,ATP Masters 1000
2010-360,ATP 250
2010-717,ATP 250
2010-410,ATP Masters 1000
2010-425,ATP 500
2010-416,ATP Masters 1000
2010-308,ATP 250
2010-5053,ATP 250
2010-468,ATP 250
2010-1536,ATP Masters 1000
2010-615,ATP 250
2010-,ATP 250
2010-520,Grand Slam
2010-500,ATP 250
2010-311,ATP 250
2010-741,ATP 250
2010-440,ATP 250
2010-540,Grand Slam
2010-315,ATP 250
2010-316,ATP 250
2010-321,ATP 250
2010-6116,ATP 250
2010-414,ATP 500
2010-314,ATP 250
2010-423,ATP 250
2010-439,ATP 250
2010-418,ATP 500
2010-421,ATP Masters 1000
2010-422,ATP Masters 1000
2010-3348,ATP 250
2010-560,Grand Slam
2010-773,ATP 250
2010-341,ATP 250
2010-1720,ATP 250
2010-6003,ATP 250
2010-747,ATP 500
2010-329,ATP 500
2010-5014,ATP Masters 1000
2010-438,ATP 250
2010-429,ATP 250
2010-375,ATP 250
2010-568,ATP 250
2010-337,ATP 250
2010-573,ATP 500
2010-328,ATP 500
2010-352,ATP Masters 1000
2010-605,Finals
2011-339,ATP 250
2011-891,ATP 250
2011-451,ATP 250
2011-301,ATP 250
2011-338,ATP 250
2011-580,Grand Slam
2011-5012,ATP 250
2011-505,ATP 250
2011-2276,ATP 250
2011-407,ATP 500
2011-424,ATP 250
2011-533,ATP 250
2011-506,ATP 250
2011-496,ATP 250
2011-402,ATP 500
2011-807,ATP 500
2011-499,ATP 250
2011-495,ATP 500
2011-404,ATP Masters 1000
2011-403,ATP Masters 1000
2011-360,ATP 250
2011-717,ATP 250
2011-410,ATP Masters 1000
2011-425,ATP 500
2011-308,ATP 250
2011-5053,ATP 250
2011-468,ATP 250
2011-1536,ATP Masters 1000
2011-416,ATP Masters 1000
2011-615,ATP 250
2011-,ATP 250
2011-520,Grand Slam
2011-500,ATP 250
2011-311,ATP 250
2011-741,ATP 250
2011-440,ATP 250
2011-540,Grand Slam
2011-315,ATP 250
2011-316,ATP 250
2011-321,ATP 250
2011-6116,ATP 250
2011-414,ATP 500
2011-314,ATP 250
2011-423,ATP 250
2011-439,ATP 250
2011-319,ATP 250
2011-418,ATP 500
2011-421,ATP Masters 1000
2011-422,ATP Masters 1000
2011-6242,ATP 250
2011-560,Grand Slam
2011-773,ATP 250
2011-341,ATP 250
2011-1720,ATP 250
2011-6003,ATP 250
2011-747,ATP 500
2011-329,ATP 500
2011-5014,ATP Masters 1000
2011-438,ATP 250
2011-429,ATP 250
2011-568,ATP 250
2011-337,ATP 250
2011-328,ATP 500
2011-573,ATP 500
2011-352,ATP Masters 1000
2011-605,Finals
2012-339,ATP 250
2012-891,ATP 250
2012-451,ATP 250
2012-301,ATP 250
2012-338,ATP 250
2012-580,Grand Slam
2012-375,ATP 250
2012-505,ATP 250
2012-2276,ATP 250
2012-407,ATP 500
2012-424,ATP 250
2012-533,ATP 250
2012-506,ATP 250
2012-496,ATP 250
2012-402,ATP 500
2012-807,ATP 500
2012-499,ATP 250
2012-495,ATP 500
2012-404,ATP Masters 1000
2012-403,ATP Masters 1000
2012-360,ATP 250
2012-717,ATP 250
2012-410,ATP Masters 1000
2012-425,ATP 500
2012-773,ATP 250
2012-5053,ATP 250
2012-468,ATP 250
2012-308,ATP 250
2012-1536,ATP Masters 1000
2012-416,ATP Masters 1000
2012-615,ATP 250
2012-,ATP 250
2012-520,Grand Slam
2012-500,ATP 250
2012-311,ATP 250
2012-440,ATP 250
2012-741,ATP 250
2012-540,Grand Slam
2012-316,ATP 250
2012-315,ATP 250
2012-321,ATP 250
2012-439,ATP 250
2012-6116,ATP 250
2012-314,ATP 250
2012-414,ATP 500
2012-319,ATP 250
2012-423,ATP 250
2012-96,Olympics
2012-418,ATP 500
2012-421,ATP Masters 1000
2012-422,ATP Masters 1000
2012-6242,ATP 250
2012-560,Grand Slam
2012-341,ATP 250
2012-568,ATP 250
2012-1720,ATP 250
2012-6003,ATP 250
2012-747,ATP 500
2012-329,ATP 500
2012-5014,ATP Masters 1000
2012-438,ATP 250
2012-429,ATP 250
2012-337,ATP 250
2012-573,ATP 500
2012-328,ATP 500
2012-352,ATP Masters 1000
2012-605,Finals
2013-339,ATP 250
2013-891,ATP 250
2013-451,ATP 250
2013-301,ATP 250
2013-338,ATP 250
2013-580,Grand Slam
2013-375,ATP 250
2013-505,ATP 250
2013-2276,ATP 250
2013-407,ATP 500
2013-424,ATP 250
2013-533,ATP 250
2013-506,ATP 250
2013-496,ATP 250
2013-402,ATP 500
2013-807,ATP 500
2013-499,ATP 250
2013-495,ATP 500
2013-404,ATP Masters 1000
2013-403,ATP Masters 1000
2013-360,ATP 250
2013-717,ATP 250
2013-410,ATP Masters 1000
2013-425,ATP 500
2013-773,ATP 250
2013-308,ATP 250
2013-468,ATP 250
2013-1536,ATP Masters 1000
2013-416,ATP Masters 1000
2013-6710,ATP 250
2013-,ATP 250
2013-520,Grand Slam
2013-500,ATP 250
2013-311,ATP 250
2013-440,ATP 250
2013-741,ATP 250
2013-540,Grand Slam
2013-316,ATP 250
2013-315,ATP 250
2013-321,ATP 250
2013-6718,ATP 250
2013-414,ATP 500
2013-6116,ATP 250
2013-314,ATP 250
2013-439,ATP 250
2013-319,ATP 250
2013-418,ATP 500
2013-421,ATP Masters 1000
2013-422,ATP Masters 1000
2013-6242,ATP 250
2013-560,Grand Slam
2013-341,ATP 250
2013-568,ATP 250
2013-1720,ATP 250
2013-6003,ATP 250
2013-747,ATP 500
2013-329,ATP 500
2013-5014,ATP Masters 1000
2013-438,ATP 250
2013-429,ATP 250
2013-337,ATP 250
2013-328,ATP 500
2013-573,ATP 500
2013-352,ATP Masters 1000
2013-605,Finals
2014-339,ATP 250
2014-891,ATP 250
2014-451,ATP 250
2014-301,ATP 250
2014-338,ATP 250
2014-580,Grand Slam
2014-375,ATP 250
2014-505,ATP 250
2014-2276,ATP 250
2014-506,ATP 250
2014-402,ATP 250
2014-407,ATP 500
2014-499,ATP 250
2014-496,ATP 250
2014-6932,ATP 500
2014-807,ATP 500
2014-495,ATP 500
2014-533,ATP 250
2014-404,ATP Masters 1000
2014-403,ATP Masters 1000
2014-360,ATP 250
2014-717,ATP 250
2014-410,ATP Masters 1000
2014-425,ATP 500
2014-773,ATP 250
2014-308,ATP 250
2014-468,ATP 250
2014-1536,ATP Masters 1000
2014-416,ATP Masters 1000
2014-6710,ATP 250
2014-,ATP 250
2014-520,Grand Slam
2014-500,ATP 250
2014-311,ATP 250
2014-440,ATP 250
2014-741,ATP 250
2014-540,Grand Slam
2014-316,ATP 250
2014-315,ATP 250
2014-321,ATP 250
2014-6718,ATP 250
2014-414,ATP 500
2014-6116,ATP 250
2014-314,ATP 250
2014-439,ATP 250
2014-319,ATP 250
2014-418,ATP 500
2014-421,ATP Masters 1000
2014-422,ATP Masters 1000
2014-6242,ATP 250
2014-560,Grand Slam
2014-341,ATP 250
2014-6003,ATP 250
2014-6967,ATP 250
2014-747,ATP 500
2014-329,ATP 500
2014-5014,ATP Masters 1000
2014-438,ATP 250
2014-429,ATP 250
2014-337,ATP 250
2014-328,ATP 500
2014-573,ATP 500
2014-352,ATP Masters 1000
2014-605,Finals
2015-339,ATP 250
2015-891,ATP 250
2015-451,ATP 250
2015-338,ATP 250
2015-301,ATP 250
2015-580,Grand Slam
2015-375,ATP 250
2015-7161,ATP 250
2015-2276,ATP 250
2015-402,ATP 250
2015-407,ATP 500
2015-533,ATP 250
2015-499,ATP 250
2015-496,ATP 250
2015-6932,ATP 500
2015-807,ATP 500
2015-506,ATP 250
2015-495,ATP 500
2015-404,ATP Masters 1000
2015-403,ATP Masters 1000
2015-360,ATP 250
2015-717,ATP 250
2015-410,ATP Masters 1000
2015-425,ATP 500
2015-773,ATP 250
2015-7290,ATP 250
2015-7163,ATP 250
2015-308,ATP 250
2015-1536,ATP Masters 1000
2015-416,ATP Masters 1000
2015-322,ATP 250
2015-,ATP 250
2015-520,Grand Slam
2015-440,ATP 250
2015-321,ATP 250
2015-500,ATP 500
2015-311,ATP 500
2015-741,ATP 250
2015-540,Grand Slam
2015-315,ATP 250
2015-316,ATP 250
2015-6718,ATP 250
2015-439,ATP 250
2015-6116,ATP 250
2015-314,ATP 250
2015-414,ATP 500
2015-319,ATP 250
2015-418,ATP 500
2015-421,ATP Masters 1000
2015-422,ATP Masters 1000
2015-6242,ATP 250
2015-560,Grand Slam
2015-341,ATP 250
2015-568,ATP 250
2015-6003,ATP 250
2015-6967,ATP 250
2015-747,ATP 500
2015-329,ATP 500
2015-5014,ATP Masters 1000
2015-438,ATP 250
2015-429,ATP 250
2015-337,ATP 500
2015-328,ATP 500
2015-573,ATP 250
2015-352,ATP Masters 1000
2015-605,Finals
2016-339,ATP 250
2016-891,ATP 250
2016-451,ATP 250
2016-301,ATP 250
2016-338,ATP 250
2016-580,Grand Slam
2016-375,ATP 250
2016-7161,ATP 250
2016-7434,ATP 250
2016-506,ATP 250
2016-402,ATP 250
2016-407,ATP 500
2016-499,ATP 250
2016-496,ATP 250
2016-6932,ATP 500
2016-807,ATP 500
2016-495,ATP 500
2016-533,ATP 250
2016-404,ATP Masters 1000
2016-403,ATP Masters 1000
2016-717,ATP 250
2016-360,ATP 250
2016-410,ATP Masters 1000
2016-425,ATP 500
2016-773,ATP 250
2016-7290,ATP 250
2016-7163,ATP 250
2016-308,ATP 250
2016-1536,ATP Masters 1000
2016-416,ATP Masters 1000
2016-322,ATP 250
2016-,ATP 250
2016-520,Grand Slam
2016-440,ATP 250
2016-321,ATP 250
2016-500,ATP 500
2016-311,ATP 500
2016-741,ATP 250
2016-540,Grand Slam
2016-316,ATP 250
2016-414,ATP 500
2016-315,ATP 250
2016-314,ATP 250
2016-319,ATP 250
2016-439,ATP 250
2016-418,ATP 500
2016-421,ATP Masters 1000
2016-6116,ATP 250
2016-96,Olympics
2016-7480,ATP 250
2016-422,ATP Masters 1000
2016-6242,ATP 250
2016-560,Grand Slam
2016-341,ATP 250
2016-568,ATP 250
2016-7581,ATP 250
2016-6967,ATP 250
2016-747,ATP 500
2016-329,ATP 500
2016-5014,ATP Masters 1000
2016-7485,ATP 250
2016-438,ATP 250
2016-429,ATP 250
2016-328,ATP 500
2016-337,ATP 500
2016-352,ATP Masters 1000
2016-605,Finals
2017-339,ATP 250
2017-891,ATP 250
2017-451,ATP 250
2017-338,ATP 250
2017-301,ATP 250
2017-580,Grand Slam
2017-375,ATP 250
2017-7161,ATP 250
2017-7434,ATP 250
2017-506,ATP 250
2017-402,ATP 250
2017-407,ATP 500
2017-499,ATP 250
2017-496,ATP 250
2017-6932,ATP 500
2017-807,ATP 500
2017-495,ATP 500
2017-533,ATP 250
2017-404,ATP Masters 1000
2017-403,ATP Masters 1000
2017-717,ATP 250
2017-360,ATP 250
2017-410,ATP Masters 1000
2017-425,ATP 500
2017-7648,ATP 250
2017-7290,ATP 250
2017-7163,ATP 250
2017-308,ATP 250
2017-1536,ATP Masters 1000
2017-416,ATP Masters 1000
2017-322,ATP 250
2017-7694,ATP 250
2017-520,Grand Slam
2017-440,ATP 250
2017-321,ATP 250
2017-500,ATP 500
2017-311,ATP 500
2017-7650,ATP 250
2017-741,ATP 250
2017-540,Grand Slam
2017-316,ATP 250
2017-315,ATP 250
2017-439,ATP 250
2017-6116,ATP 250
2017-314,ATP 250
2017-414,ATP 500
2017-319,ATP 250
2017-7480,ATP 250
2017-418,ATP 500
2017-421,ATP Masters 1000
2017-422,ATP Masters 1000
2017-6242,ATP 250
2017-560,Grand Slam
2017-341,ATP 250
2017-568,ATP 250
2017-7581,ATP 250
2017-6967,ATP 250
2017-747,ATP 500
2017-329,ATP 500
2017-5014,ATP Masters 1000
2017-7485,ATP 250
2017-438,ATP 250
2017-429,ATP 250
2017-328,ATP 500
2017-337,ATP 500
2017-352,ATP Masters 1000
2017-605,Finals
